{
  "questions": [ 
       {
           "question": "True or False: American Idol is a reality show",
           "answers": ["True", "False"],
       	   "correctAnswer": 1
       },
       {
           "question": "Chemical term for water?",
           "answers": ["Au", "Br", "HO2", "H20"],
       	   "correctAnswer": 4
       },
       {
           "question": "The rice dish ‘paella’ comes from what country?",
           "answers": ["Philippines", "Hawaii", "Spain"],
       	   "correctAnswer": 3
       },
       {
           "question": "Which unit is used for audio measurement?",
           "answers": ["decibel", "audicity", "hertz", "volume"],
       	   "correctAnswer": 1
       },
        {
          "question": "True or false? McDonald’s has restaurants in over 100 countries around the world.",
          "answers": ["True", "False"],
          "correctAnswer": 1
        }
     ]
 }
